,hpi_distance,hpi_real,hpi_trend,hpi_value,month
0,0.403356,61.925333,7.495035,19.79057,1976-01-01
1,0.396878,62.543431,7.935253,20.023928,1976-02-01
2,0.391471,63.257367,8.375471,20.288732,1976-03-01
3,0.387942,64.152714,8.81569,20.612642,1976-04-01
4,0.385485,64.927928,9.255908,20.973282,1976-05-01
5,0.382614,65.667996,9.696126,21.325174,1976-06-01
6,0.3803,66.455051,10.136344,21.694948,1976-07-01
7,0.378633,67.288056,10.576562,22.082506,1976-08-01
8,0.377133,68.132655,11.01678,22.476752,1976-09-01
9,0.37517,68.930983,11.456998,22.858556,1976-10-01
10,0.373795,69.890414,11.897216,23.256776,1976-11-01
11,0.373605,70.825719,12.337434,23.689702,1976-12-01
12,0.373728,71.782231,12.777652,24.132972,1977-01-01
13,0.375287,72.490641,13.21787,24.620246,1977-02-01
14,0.379595,73.794744,13.658088,25.189959,1977-03-01
15,0.386165,75.169565,14.098306,25.831466,1977-04-01
16,0.394033,76.913811,14.538524,26.518966,1977-05-01
17,0.403078,78.633334,14.978743,27.246946,1977-06-01
18,0.412215,80.357713,15.418961,27.982525,1977-07-01
19,0.419799,81.935848,15.859179,28.672854,1977-08-01
20,0.426652,83.578554,16.299397,29.343444,1977-09-01
21,0.429606,84.735047,16.739615,29.895068,1977-10-01
22,0.429236,85.44941,17.179833,30.34286,1977-11-01
23,0.427428,86.147923,17.620051,30.738921,1977-12-01
24,0.423878,86.530503,18.060269,31.073669,1978-01-01
25,0.420557,87.059036,18.500487,31.413054,1978-02-01
26,0.417,87.419468,18.940705,31.743381,1978-03-01
27,0.413612,87.650165,19.380923,32.078153,1978-04-01
28,0.412521,87.924185,19.821141,32.480584,1978-05-01
29,0.413494,88.502057,20.261359,32.947501,1978-06-01
30,0.414082,89.060302,20.701577,33.410365,1978-07-01
31,0.414057,89.707738,21.141795,33.858763,1978-08-01
32,0.414265,90.088171,21.582014,34.311932,1978-09-01
33,0.414777,90.476049,22.022232,34.770578,1978-10-01
34,0.415956,91.187692,22.46245,35.252974,1978-11-01
35,0.414276,91.679484,22.902668,35.653133,1978-12-01
36,0.410012,91.695171,23.342886,35.974337,1979-01-01
37,0.406216,91.586306,23.783104,36.298811,1979-02-01
38,0.404985,91.648031,24.223322,36.690706,1979-03-01
39,0.408162,92.040836,24.66354,37.216971,1979-04-01
40,0.415487,92.625057,25.103758,37.8776,1979-05-01
41,0.425104,93.397108,25.543976,38.621255,1979-06-01
42,0.433968,94.12497,25.984194,39.35351,1979-07-01
43,0.441994,94.905824,26.424412,40.060477,1979-08-01
44,0.451975,95.801206,26.86463,40.822507,1979-09-01
45,0.460859,96.47832,27.304848,41.553091,1979-10-01
46,0.466079,96.902112,27.745066,42.179614,1979-11-01
47,0.468831,97.014847,28.185285,42.728761,1979-12-01
48,0.469643,96.71853,28.625503,43.207591,1980-01-01
49,0.470536,96.537603,29.065721,43.679672,1980-02-01
50,0.47415,96.410578,29.505939,44.229595,1980-03-01
51,0.480176,96.811669,29.946157,44.857182,1980-04-01
52,0.485239,97.167996,30.386375,45.467499,1980-05-01
53,0.487924,97.374228,30.826593,46.010159,1980-06-01
54,0.491604,98.448429,31.266811,46.574114,1980-07-01
55,0.498386,99.104098,31.707029,47.224862,1980-08-01
56,0.505291,99.659512,32.147247,47.889078,1980-09-01
57,0.507156,99.805699,32.587465,48.416625,1980-10-01
58,0.501162,99.349865,33.027683,48.707608,1980-11-01
59,0.490095,98.658975,33.467901,48.820936,1980-12-01
60,0.482953,98.162606,33.908119,49.025082,1981-01-01
61,0.48051,97.945793,34.348337,49.365577,1981-02-01
62,0.478276,98.003789,34.788556,49.73159,1981-03-01
63,0.475488,98.167957,35.228774,50.096019,1981-04-01
64,0.473216,98.238539,35.668992,50.469628,1981-05-01
65,0.474927,98.308306,36.10921,50.955909,1981-06-01
66,0.479352,98.33099,36.549428,51.530845,1981-07-01
67,0.480806,98.534355,36.989646,52.03246,1981-08-01
68,0.478347,98.312526,37.429864,52.422086,1981-09-01
69,0.473335,98.562765,37.870082,52.72487,1981-10-01
70,0.463802,98.43531,38.3103,52.8822,1981-11-01
71,0.448065,98.057544,38.750518,52.847737,1981-12-01
72,0.428304,97.433051,39.190736,52.678579,1982-01-01
73,0.408641,96.784368,39.630954,52.494156,1982-02-01
74,0.391128,96.547132,40.071172,52.365483,1982-03-01
75,0.37641,96.169949,40.51139,52.326147,1982-04-01
76,0.3628,95.280782,40.951608,52.333488,1982-05-01
77,0.345055,94.012514,41.391827,52.229174,1982-06-01
78,0.320166,92.956434,41.832045,51.908662,1982-07-01
79,0.29273,92.018025,42.272263,51.49004,1982-08-01
80,0.269284,91.440343,42.712481,51.16679,1982-09-01
81,0.251915,90.812297,43.152699,51.023404,1982-10-01
82,0.239661,90.953464,43.592917,51.050627,1982-11-01
83,0.231636,91.544732,44.033135,51.225202,1982-12-01
84,0.224704,91.752412,44.473353,51.446513,1983-01-01
85,0.216224,91.98344,44.913571,51.628735,1983-02-01
86,0.206246,92.129222,45.353789,51.763326,1983-03-01
87,0.196712,91.723617,45.794007,51.903169,1983-04-01
88,0.188161,91.646288,46.234225,52.069368,1983-05-01
89,0.179427,91.750642,46.674443,52.233756,1983-06-01
90,0.170573,91.669047,47.114661,52.397313,1983-07-01
91,0.16195,91.693864,47.554879,52.569048,1983-08-01
92,0.151098,91.602203,47.995097,52.67389,1983-09-01
93,0.138363,91.320873,48.435315,52.721328,1983-10-01
94,0.124756,91.075056,48.875534,52.7359,1983-11-01
95,0.110905,90.807985,49.315752,52.737283,1983-12-01
96,0.097884,90.226641,49.75597,52.761398,1984-01-01
97,0.086425,89.909475,50.196188,52.833403,1984-02-01
98,0.075849,89.820435,50.636406,52.935411,1984-03-01
99,0.065939,89.685795,51.076624,53.061527,1984-04-01
100,0.056213,89.74032,51.516842,53.196581,1984-05-01
101,0.045056,89.724208,51.95706,53.289808,1984-06-01
102,0.032735,89.475799,52.397278,53.347255,1984-07-01
103,0.019831,89.276596,52.837496,53.381882,1984-08-01
104,0.007529,89.102267,53.277714,53.430741,1984-09-01
105,-0.003911,88.887475,53.717932,53.505576,1984-10-01
106,-0.015516,88.840857,54.15815,53.57928,1984-11-01
107,-0.02786,88.759583,54.598368,53.631936,1984-12-01
108,-0.039176,88.725173,55.038587,53.712776,1985-01-01
109,-0.048733,88.439703,55.478805,53.843874,1985-02-01
110,-0.056802,88.319,55.919023,54.023306,1985-03-01
111,-0.06445,88.477924,56.359241,54.221867,1985-04-01
112,-0.072647,88.612688,56.799459,54.405957,1985-05-01
113,-0.078842,88.754712,57.239677,54.645656,1985-06-01
114,-0.08055,89.195575,57.679895,55.019263,1985-07-01
115,-0.08094,89.71357,58.120113,55.441547,1985-08-01
116,-0.082239,90.208531,58.560331,55.850757,1985-09-01
117,-0.086239,90.410945,59.000549,56.183205,1985-10-01
118,-0.094428,90.3177,59.440767,56.383902,1985-11-01
119,-0.104954,90.095052,59.880985,56.50291,1985-12-01
120,-0.115708,89.927437,60.321203,56.60381,1986-01-01
121,-0.125468,90.287727,60.761421,56.727169,1986-02-01
122,-0.131055,91.184951,61.201639,56.977538,1986-03-01
123,-0.133944,92.062853,61.641858,57.315189,1986-04-01
124,-0.135502,92.431585,62.082076,57.703567,1986-05-01
125,-0.134645,92.835421,62.522294,58.168357,1986-06-01
126,-0.130794,93.641823,62.962512,58.72726,1986-07-01
127,-0.128162,94.401369,63.40273,59.257675,1986-08-01
128,-0.128436,94.772695,63.842948,59.707884,1986-09-01
129,-0.130356,95.221311,64.283166,60.09959,1986-10-01
130,-0.129792,95.768632,64.723384,60.554736,1986-11-01
131,-0.128002,96.199718,65.163602,61.047702,1986-12-01
132,-0.127504,96.404068,65.60382,61.508667,1987-01-01
133,-0.125578,96.851708,66.044038,62.016157,1987-02-01
134,-0.122821,97.323844,66.484256,62.54144,1987-03-01
135,-0.116465,97.875935,66.924474,63.176506,1987-04-01
136,-0.107638,98.72,67.364692,63.890951,1987-05-01
137,-0.096967,99.481414,67.80491,64.668617,1987-06-01
138,-0.084023,100.530731,68.245129,65.523466,1987-07-01
139,-0.07222,101.348656,68.685347,66.3468,1987-08-01
140,-0.059322,102.300909,69.125565,67.204549,1987-09-01
141,-0.044601,103.416661,69.565783,68.115212,1987-10-01
142,-0.030644,104.406685,70.006001,69.00648,1987-11-01
143,-0.017326,105.549181,70.446219,69.882505,1987-12-01
144,-0.003277,106.531592,70.886437,70.777003,1988-01-01
145,0.011814,107.733227,71.326655,71.698745,1988-02-01
146,0.029617,108.959111,71.766873,72.701812,1988-03-01
147,0.05217,110.018664,72.207091,73.849871,1988-04-01
148,0.079822,111.682382,72.647309,75.158533,1988-05-01
149,0.112643,113.39294,73.087527,76.634404,1988-06-01
150,0.150917,115.350024,73.527745,78.287387,1988-07-01
151,0.192791,117.469664,73.967963,80.062371,1988-08-01
152,0.236856,119.684447,74.408181,81.914613,1988-09-01
153,0.283839,122.121981,74.8484,83.862689,1988-10-01
154,0.331477,124.581493,75.288618,85.837077,1988-11-01
155,0.377191,126.954175,75.728836,87.762708,1988-12-01
156,0.41883,129.0309,76.169054,89.567841,1989-01-01
157,0.455918,130.987849,76.609272,91.22636,1989-02-01
158,0.492871,132.681639,77.04949,92.861949,1989-03-01
159,0.534913,134.235289,77.489708,94.641261,1989-04-01
160,0.578392,136.170854,77.929926,96.473852,1989-05-01
161,0.618852,138.2135,78.370144,98.23766,1989-06-01
162,0.654454,140.040498,78.810362,99.857056,1989-07-01
163,0.687347,142.179039,79.25058,101.381961,1989-08-01
164,0.714382,143.711668,79.690798,102.721742,1989-09-01
165,0.732076,144.486544,80.131016,103.772123,1989-10-01
166,0.745481,145.169342,80.571234,104.678237,1989-11-01
167,0.754217,145.735565,81.011452,105.4204,1989-12-01
168,0.757686,145.156019,81.45167,105.998811,1990-01-01
169,0.752849,145.028446,81.891889,106.320968,1990-02-01
170,0.742365,144.532173,82.332107,106.453823,1990-03-01
171,0.731184,144.320742,82.772325,106.546069,1990-04-01
172,0.714812,143.999051,83.212543,106.473525,1990-05-01
173,0.693763,142.823494,83.652761,106.258716,1990-06-01
174,0.673554,141.89453,84.092979,106.05519,1990-07-01
175,0.653742,140.444375,84.533197,105.856127,1990-08-01
176,0.62913,139.051852,84.973415,105.523313,1990-09-01
177,0.597354,137.401061,85.413633,104.978818,1990-10-01
178,0.558905,136.096456,85.853851,104.2159,1990-11-01
179,0.517599,134.447034,86.294069,103.337869,1990-12-01
180,0.479617,132.920356,86.734287,102.545086,1991-01-01
181,0.441955,131.808849,87.174505,101.763075,1991-02-01
182,0.405917,130.871456,87.614723,101.03936,1991-03-01
183,0.37549,129.866753,88.054941,100.486818,1991-04-01
184,0.348383,128.809461,88.49516,100.037588,1991-05-01
185,0.324556,128.000346,88.935378,99.702446,1991-06-01
186,0.303173,127.49061,89.375596,99.451438,1991-07-01
187,0.280629,126.76513,89.815814,99.175926,1991-08-01
188,0.254335,125.899069,90.256032,98.786784,1991-09-01
189,0.231087,125.323565,90.69625,98.47877,1991-10-01
190,0.210908,124.497137,91.136468,98.25719,1991-11-01
191,0.189085,123.80969,91.576686,97.998277,1991-12-01
192,0.166577,123.379189,92.016904,97.728189,1992-01-01
193,0.143593,122.747265,92.457122,97.43855,1992-02-01
194,0.118244,121.849837,92.89734,97.075099,1992-03-01
195,0.090028,121.023585,93.337558,96.624787,1992-04-01
196,0.058903,120.085779,93.777776,96.082379,1992-05-01
197,0.024368,118.925867,94.217994,95.426769,1992-06-01
198,-0.009233,117.793799,94.658212,94.788252,1992-07-01
199,-0.038505,116.902374,95.09843,94.271788,1992-08-01
200,-0.064678,116.146307,95.538649,93.861649,1992-09-01
201,-0.096061,114.981783,95.978867,93.315685,1992-10-01
202,-0.133636,113.761867,96.419085,92.586261,1992-11-01
203,-0.174713,112.561068,96.859303,91.737915,1992-12-01
204,-0.225973,110.734767,97.299521,90.566579,1993-01-01
205,-0.282956,108.840788,97.739739,89.204563,1993-02-01
206,-0.333584,107.223365,98.179957,88.001765,1993-03-01
207,-0.373976,105.752924,98.620175,87.097769,1993-04-01
208,-0.408069,104.632721,99.060393,86.414882,1993-05-01
209,-0.44191,103.787066,99.500611,85.775909,1993-06-01
210,-0.479219,102.760409,99.940829,85.045126,1993-07-01
211,-0.51871,101.572887,100.381047,84.236851,1993-08-01
212,-0.557403,100.474586,100.821265,83.441093,1993-09-01
213,-0.598834,99.00511,101.261483,82.560963,1993-10-01
214,-0.642473,97.605556,101.701702,81.617475,1993-11-01
215,-0.685836,96.280535,102.14192,80.674927,1993-12-01
216,-0.728578,95.170174,102.582138,79.744539,1994-01-01
217,-0.769634,93.860122,103.022356,78.861855,1994-02-01
218,-0.802825,92.832962,103.462574,78.211504,1994-03-01
219,-0.82484,92.405942,103.902792,77.904666,1994-04-01
220,-0.841889,92.064942,104.34301,77.775366,1994-05-01
221,-0.85873,91.703715,104.783228,77.680294,1994-06-01
222,-0.874488,91.330294,105.223446,77.625519,1994-07-01
223,-0.891397,90.854762,105.663664,77.533559,1994-08-01
224,-0.912131,90.431886,106.103882,77.328068,1994-09-01
225,-0.936764,89.990534,106.5441,77.002209,1994-10-01
226,-0.964305,89.254905,106.984318,76.577232,1994-11-01
227,-0.992766,88.536768,107.424536,76.113223,1994-12-01
228,-1.02007,87.794662,107.864754,75.676384,1995-01-01
229,-1.043818,87.178692,108.304973,75.345158,1995-02-01
230,-1.064727,86.732645,108.745191,75.108682,1995-03-01
231,-1.087297,86.073166,109.185409,74.833371,1995-04-01
232,-1.110246,85.577271,109.625627,74.549272,1995-05-01
233,-1.131751,85.125209,110.065845,74.301729,1995-06-01
234,-1.151835,84.775683,110.506063,74.093753,1995-07-01
235,-1.169985,84.447561,110.946281,73.952074,1995-08-01
236,-1.191503,84.071915,111.386499,73.719417,1995-09-01
237,-1.218082,83.414148,111.826717,73.333744,1995-10-01
238,-1.243576,82.889268,112.266935,72.967243,1995-11-01
239,-1.268445,82.374158,112.707153,72.608149,1995-12-01
240,-1.293253,81.547247,113.147371,72.252916,1996-01-01
241,-1.314764,81.102942,113.587589,71.998602,1996-02-01
242,-1.332086,80.695485,114.027807,71.867972,1996-03-01
243,-1.343349,80.450629,114.468025,71.926364,1996-04-01
244,-1.3511,80.497311,114.908244,72.106411,1996-05-01
245,-1.359388,80.539854,115.348462,72.282905,1996-06-01
246,-1.366206,80.641,115.78868,72.512239,1996-07-01
247,-1.377091,80.65917,116.228898,72.620971,1996-08-01
248,-1.39394,80.324598,116.669116,72.549766,1996-09-01
249,-1.413357,79.895046,117.109334,72.390586,1996-10-01
250,-1.435826,79.350608,117.549552,72.124522,1996-11-01
251,-1.45994,78.798567,117.98977,71.803276,1996-12-01
252,-1.483922,78.29394,118.429988,71.477973,1997-01-01
253,-1.504384,77.899089,118.870206,71.251343,1997-02-01
254,-1.517909,77.828186,119.310424,71.231066,1997-03-01
255,-1.52306,78.044329,119.750642,71.473587,1997-04-01
256,-1.523991,78.472244,120.19086,71.865474,1997-05-01
257,-1.525086,78.76979,120.631078,72.273312,1997-06-01
258,-1.526769,79.102114,121.071296,72.668838,1997-07-01
259,-1.529346,79.302509,121.511515,73.034613,1997-08-01
260,-1.534781,79.404245,121.951733,73.31022,1997-09-01
261,-1.540552,79.538064,122.391951,73.570431,1997-10-01
262,-1.544267,79.779938,122.832169,73.885544,1997-11-01
263,-1.546949,80.106852,123.272387,74.234185,1997-12-01
264,-1.551342,80.334819,123.712605,74.537461,1998-01-01
265,-1.553337,80.728665,124.152823,74.902885,1998-02-01
266,-1.543357,81.499853,124.593041,75.61842,1998-03-01
267,-1.523728,82.492981,125.033259,76.634373,1998-04-01
268,-1.498326,83.605781,125.473477,77.859679,1998-05-01
269,-1.472835,84.853046,125.913695,79.118419,1998-06-01
270,-1.453326,85.811022,126.353913,80.208241,1998-07-01
271,-1.440184,86.660591,126.794131,81.101607,1998-08-01
272,-1.433821,87.323894,127.234349,81.772375,1998-09-01
273,-1.43123,87.684917,127.674567,82.311328,1998-10-01
274,-1.430814,88.071597,128.114786,82.775195,1998-11-01
275,-1.435827,88.224849,128.555004,83.07082,1998-12-01
276,-1.442902,88.30225,128.995222,83.295422,1999-01-01
277,-1.446221,88.641173,129.43544,83.615127,1999-02-01
278,-1.442668,89.137935,129.875658,84.134775,1999-03-01
279,-1.431135,89.359378,130.315876,84.906763,1999-04-01
280,-1.413197,90.343635,130.756094,85.893719,1999-05-01
281,-1.393778,91.454781,131.196312,86.950135,1999-06-01
282,-1.37884,92.053583,131.63653,87.888501,1999-07-01
283,-1.370277,92.611485,132.076748,88.633328,1999-08-01
284,-1.36675,92.826602,132.516966,89.211362,1999-09-01
285,-1.367603,93.104346,132.957184,89.638262,1999-10-01
286,-1.370584,93.302438,133.397402,89.989293,1999-11-01
287,-1.368855,93.56874,133.83762,90.4605,1999-12-01
288,-1.355231,94.159695,134.277838,91.301469,2000-01-01
289,-1.351108,94.369171,134.718057,91.882928,2000-02-01
290,-1.349331,94.343767,135.158275,92.398534,2000-03-01
291,-1.332814,95.351386,135.598493,93.330766,2000-04-01
292,-1.312666,96.243521,136.038711,94.369363,2000-05-01
293,-1.290936,96.835132,136.478929,95.504065,2000-06-01
294,-1.274247,97.56256,136.919147,96.500882,2000-07-01
295,-1.262503,98.415112,137.359365,97.344157,2000-08-01
296,-1.25526,98.598181,137.799583,98.033472,2000-09-01
297,-1.248598,99.084846,138.239801,98.687599,2000-10-01
298,-1.240496,99.608808,138.680019,99.380609,2000-11-01
299,-1.234956,100.0,139.120237,100.0,2000-12-01
300,-1.229782,100.035406,139.560455,100.608346,2001-01-01
301,-1.220016,100.535954,140.000673,101.342084,2001-02-01
302,-1.202055,101.447076,140.440891,102.318614,2001-03-01
303,-1.176637,102.48107,140.881109,103.537576,2001-04-01
304,-1.149588,103.23694,141.321328,104.833387,2001-05-01
305,-1.124546,104.234697,141.761546,106.085371,2001-06-01
306,-1.100551,105.61034,142.201764,107.303977,2001-07-01
307,-1.079033,106.730726,142.641982,108.44233,2001-08-01
308,-1.062066,107.288872,143.0822,109.439566,2001-09-01
309,-1.046999,108.510325,143.522418,110.374764,2001-10-01
310,-1.036004,109.36346,143.962636,111.17992,2001-11-01
311,-1.02926,110.082337,144.402854,111.84769,2001-12-01
312,-1.019511,110.62436,144.843072,112.588481,2002-01-01
313,-1.001513,111.392537,145.28329,113.561693,2002-02-01
314,-0.969898,112.436279,145.723508,114.947742,2002-03-01
315,-0.920973,113.817947,146.163726,116.881775,2002-04-01
316,-0.861949,115.909471,146.603944,119.162372,2002-05-01
317,-0.798993,118.219392,147.044162,121.604827,2002-06-01
318,-0.734494,120.389937,147.48438,124.113337,2002-07-01
319,-0.671917,122.433717,147.924598,126.570939,2002-08-01
320,-0.617704,124.364714,148.364817,128.780872,2002-09-01
321,-0.572397,125.951729,148.805035,130.712791,2002-10-01
322,-0.533705,127.391544,149.245253,132.425918,2002-11-01
323,-0.503044,128.568213,149.685471,133.869995,2002-12-01
324,-0.471974,129.380113,150.125689,135.308182,2003-01-01
325,-0.439844,130.05711,150.565907,136.761085,2003-02-01
326,-0.399493,131.449133,151.006125,138.45072,2003-03-01
327,-0.338815,134.156067,151.446343,140.763983,2003-04-01
328,-0.272256,136.791865,151.886561,143.294571,2003-05-01
329,-0.207691,139.04241,152.326779,145.81137,2003-06-01
330,-0.133922,141.241217,152.766997,148.602586,2003-07-01
331,-0.049644,143.564168,153.207215,151.704405,2003-08-01
332,0.031496,145.967736,153.647433,154.745865,2003-09-01
333,0.107211,148.866426,154.087651,157.648351,2003-10-01
334,0.183204,151.517732,154.527869,160.542843,2003-11-01
335,0.258133,153.784399,154.968088,163.384914,2003-12-01
336,0.332308,155.767063,155.408306,166.205062,2004-01-01
337,0.411302,158.192764,155.848524,169.155722,2004-02-01
338,0.510185,161.156156,156.288742,172.693681,2004-03-01
339,0.632757,164.874867,156.72896,176.961913,2004-04-01
340,0.778724,168.848423,157.169178,182.000419,2004-05-01
341,0.936984,173.306973,157.609396,187.501073,2004-06-01
342,1.08094,177.877007,158.049614,192.649153,2004-07-01
343,1.192023,181.644809,158.489832,196.833894,2004-08-01
344,1.264963,183.796451,158.93005,199.797058,2004-09-01
345,1.316963,184.856427,159.370268,202.008055,2004-10-01
346,1.359671,185.661783,159.810486,203.845153,2004-11-01
347,1.392443,187.030965,160.250704,205.348431,2004-12-01
348,1.42832,188.564038,160.690922,206.923653,2005-01-01
349,1.486261,189.788476,161.13114,209.1369,2005-02-01
350,1.571542,191.856495,161.571359,212.184933,2005-03-01
351,1.688924,194.949546,162.011577,216.275642,2005-04-01
352,1.826767,199.387422,162.451795,221.084793,2005-05-01
353,1.962906,203.651853,162.892013,225.929919,2005-06-01
354,2.093133,206.608235,163.332231,230.629697,2005-07-01
355,2.217393,209.345099,163.772449,235.123562,2005-08-01
356,2.328514,210.0906,164.212667,239.209686,2005-09-01
357,2.411321,212.60675,164.652885,242.439885,2005-10-01
358,2.464341,215.697552,165.093103,244.72901,2005-11-01
359,2.497087,217.094463,165.533321,246.313935,2005-12-01
360,2.520701,216.852462,165.973539,247.529758,2006-01-01
361,2.552342,217.978552,166.413757,248.939996,2006-02-01
362,2.599852,219.305252,166.853975,250.831952,2006-03-01
363,2.657587,220.174652,167.294193,253.087358,2006-04-01
364,2.712064,221.446905,167.734411,255.310779,2006-05-01
365,2.748606,222.381973,168.17463,257.025671,2006-06-01
366,2.755893,221.872174,168.614848,257.834273,2006-07-01
367,2.732791,220.74471,169.055066,257.661924,2006-08-01
368,2.680943,220.860477,169.495284,256.5321,2006-09-01
369,2.612095,220.350628,169.935502,254.804077,2006-10-01
370,2.535906,218.502324,170.37572,252.791921,2006-11-01
371,2.455686,215.453334,170.815938,250.621833,2006-12-01
372,2.388861,213.555477,171.256156,248.826377,2007-01-01
373,2.360928,212.185182,171.696374,248.188608,2007-02-01
374,2.375778,211.703096,172.136592,248.912401,2007-03-01
375,2.401698,212.107501,172.57681,250.136214,2007-04-01
376,2.401794,211.716933,173.017028,250.707528,2007-05-01
377,2.371173,210.918939,173.457246,250.34121,2007-06-01
378,2.304077,209.228475,173.897464,248.776971,2007-07-01
379,2.191777,206.618087,174.337682,245.748902,2007-08-01
380,2.051548,202.431901,174.777901,241.790181,2007-09-01
381,1.883181,197.722641,175.218119,236.893467,2007-10-01
382,1.683057,191.285412,175.658337,230.982066,2007-11-01
383,1.467355,185.407951,176.098555,224.533702,2007-12-01
384,1.250118,179.363746,176.538773,217.962907,2008-01-01
385,1.036191,173.599162,176.978991,211.46784,2008-02-01
386,0.833539,167.950415,177.419209,205.318901,2008-03-01
387,0.656779,163.190738,177.859427,199.96193,2008-04-01
388,0.505826,158.551335,178.299645,195.42678,2008-05-01
389,0.373796,153.778597,178.739863,191.530097,2008-06-01
390,0.261389,150.114678,179.180081,188.301926,2008-07-01
391,0.145965,147.729978,179.620299,185.034759,2008-08-01
392,0.024975,144.881848,180.060517,181.622591,2008-09-01
393,-0.090432,143.513213,180.500735,178.359964,2008-10-01
394,-0.210535,143.304896,180.940953,174.9477,2008-11-01
395,-0.343102,141.383509,181.381171,171.180934,2008-12-01
396,-0.481168,137.762765,181.82139,167.219222,2009-01-01
397,-0.603763,134.348156,182.261608,163.668526,2009-02-01
398,-0.702204,132.151008,182.701826,160.832924,2009-03-01
399,-0.777192,130.306053,183.142044,158.747252,2009-04-01
400,-0.818869,129.265032,183.582262,157.710742,2009-05-01
401,-0.815621,128.499765,184.02248,158.078261,2009-06-01
402,-0.784813,129.596868,184.462698,159.380395,2009-07-01
403,-0.754675,130.297339,184.902916,160.778409,2009-08-01
404,-0.730132,131.080243,185.343134,162.056772,2009-09-01
405,-0.712597,131.523761,185.783352,163.09323,2009-10-01
406,-0.699158,131.798366,186.22357,163.981021,2009-11-01
407,-0.697442,132.159588,186.663788,164.515979,2009-12-01
408,-0.717708,131.966233,187.104006,164.381856,2010-01-01
409,-0.744991,131.769166,187.544224,163.980161,2010-02-01
410,-0.755563,131.755075,187.984442,164.016958,2010-03-01
411,-0.754614,132.04248,188.424661,164.41255,2010-04-01
412,-0.757002,132.401264,188.864879,164.773601,2010-05-01
413,-0.765866,132.621204,189.305097,164.978195,2010-06-01
414,-0.787134,132.221289,189.745315,164.788164,2010-07-01
415,-0.817562,131.637387,190.185533,164.300196,2010-08-01
416,-0.862317,130.668782,190.625751,163.354687,2010-09-01
417,-0.917703,129.18538,191.065969,162.062542,2010-10-01
418,-0.974961,127.760714,191.506187,160.681415,2010-11-01
419,-1.033488,126.11059,191.946405,159.24315,2010-12-01
420,-1.094181,124.517822,192.386623,157.741829,2011-01-01
421,-1.152954,122.975016,192.826841,156.288145,2011-02-01
422,-1.197624,121.524161,193.267059,155.243288,2011-03-01
423,-1.225683,120.54224,193.707277,154.711754,2011-04-01
424,-1.249117,119.89618,194.147495,154.372169,2011-05-01
425,-1.276019,119.582353,194.587714,153.968101,2011-06-01
426,-1.305091,118.910927,195.027932,153.504745,2011-07-01
427,-1.342205,117.980258,195.46815,152.783758,2011-08-01
428,-1.385079,117.026739,195.908368,151.878053,2011-09-01
429,-1.431819,116.147395,196.348586,150.838613,2011-10-01
430,-1.479659,115.095087,196.788804,149.748201,2011-11-01
431,-1.524351,114.30228,197.229022,148.752045,2011-12-01
432,-1.573527,113.12421,197.66924,147.619967,2012-01-01
433,-1.618117,112.111504,198.109458,146.611155,2012-02-01
434,-1.636878,111.673804,198.549676,146.34449,2012-03-01
435,-1.621387,112.083645,198.989894,147.125512,2012-04-01
436,-1.587208,113.407509,199.430112,148.555393,2012-05-01
437,-1.547051,114.798116,199.87033,150.252718,2012-06-01
438,-1.507389,116.079422,200.310548,151.973626,2012-07-01
439,-1.47503,116.541995,200.750766,153.465649,2012-08-01
440,-1.441283,117.133128,201.190985,154.980009,2012-09-01
441,-1.403362,118.041909,201.631203,156.603618,2012-10-01
442,-1.367498,119.434398,202.071421,158.184909,2012-11-01
443,-1.343525,120.382821,202.511639,159.421743,2012-12-01
444,-1.32103,121.017817,202.951857,160.580108,2013-01-01
445,-1.278159,121.651362,203.392075,162.29727,2013-02-01
446,-1.204664,123.97325,203.832293,164.929866,2013-03-01
447,-1.102612,126.917456,204.272511,168.494189,2013-04-01
448,-0.989226,129.879716,204.712729,172.498265,2013-05-01
449,-0.877651,132.587669,205.152947,176.513978,2013-06-01
450,-0.770982,135.242454,205.593165,180.40073,2013-07-01
451,-0.681723,137.434458,206.033383,183.762307,2013-08-01
452,-0.620216,139.261591,206.473601,186.275539,2013-09-01
453,-0.583686,140.471206,206.913819,187.994079,2013-10-01
454,-0.571187,140.901722,207.354037,188.918059,2013-11-01
455,-0.572418,140.857741,207.794256,189.358466,2013-12-01
456,-0.571247,140.817089,208.234474,189.810307,2014-01-01
457,-0.556388,141.331638,208.674692,190.645534,2014-02-01
458,-0.522739,142.126273,209.11491,192.070715,2014-03-01
459,-0.478304,143.155124,209.555128,193.876805,2014-04-01
460,-0.43593,144.238634,209.995346,195.677964,2014-05-01
461,-0.402974,145.173269,210.435564,197.212815,2014-06-01
462,-0.37638,145.964159,210.875782,198.5355,2014-07-01
463,-0.3576,146.777067,211.316,199.60252,2014-08-01
464,-0.354021,147.209651,211.756218,200.201752,2014-09-01
465,-0.361519,147.39236,212.196436,200.446012,2014-10-01
466,-0.374561,147.672272,212.636654,200.48414,2014-11-01
467,-0.389017,148.127526,213.076872,200.447254,2014-12-01
468,-0.396574,149.148551,213.51709,200.603946,2015-01-01
469,-0.392597,149.24003,213.957308,201.101368,2015-02-01
470,-0.366184,149.682519,214.397526,202.282293,2015-03-01
471,-0.314865,151.011598,214.837745,204.259187,2015-04-01
472,-0.259885,152.102755,215.277963,206.420688,2015-05-01
473,-0.211315,153.167437,215.718181,208.449829,2015-06-01
474,-0.173727,154.171506,216.158399,210.147418,2015-07-01
475,-0.150573,155.078063,216.598617,211.379571,2015-08-01
476,-0.139858,156.027209,217.038835,212.206834,2015-09-01
477,-0.139613,156.180721,217.479053,212.681288,2015-10-01
478,-0.141577,156.255578,217.919271,213.058865,2015-11-01
479,-0.142004,156.713152,218.359489,213.462879,2015-12-01
480,-0.142143,156.908686,218.799707,213.875706,2016-01-01
481,-0.134978,157.66462,219.239925,214.492512,2016-02-01
482,-0.09652,158.475099,219.680143,216.039863,2016-03-01
483,-0.035189,159.60272,220.120361,218.327563,2016-04-01
484,0.020847,160.828121,220.560579,220.552832,2016-05-01
485,0.070913,161.924172,221.000797,222.644809,2016-06-01
486,0.114126,163.28597,221.441016,224.502311,2016-07-01
487,0.143916,163.979143,221.881234,225.935272,2016-08-01
488,0.156728,164.333182,222.321452,226.844734,2016-09-01
489,0.156309,164.230239,222.76167,227.314028,2016-10-01
490,0.154296,164.219081,223.201888,227.687968,2016-11-01
491,0.156015,164.069943,223.642106,228.141793,2016-12-01
492,0.167395,163.76971,224.082324,228.891149,2017-01-01
493,0.186496,164.433612,224.522542,229.888738,2017-02-01
494,0.21789,165.683225,224.96276,231.270438,2017-03-01
495,0.268222,166.840942,225.402978,233.240006,2017-04-01
496,0.329893,168.644468,225.843196,235.591299,2017-05-01
497,0.389888,170.250369,226.283414,237.95268,2017-06-01
498,0.436978,171.535803,226.723632,239.949704,2017-07-01
499,0.473574,171.999502,227.16385,241.60906,2017-08-01
500,0.501882,172.183626,227.604068,242.982061,2017-09-01
501,0.517577,172.739359,228.044286,243.955266,2017-10-01
502,0.522146,172.595113,228.484505,244.570043,2017-11-01
503,0.527879,172.675476,228.924723,245.177418,2017-12-01
504,0.545405,172.401048,229.364941,246.105952,2018-01-01
505,0.582754,173.213595,229.805159,247.63691,2018-02-01
506,0.640203,174.852161,230.245377,249.822279,2018-03-01
507,0.702634,176.144468,230.685595,252.224553,2018-04-01
508,0.761487,177.40763,231.125813,254.563692,2018-05-01
509,0.815265,178.704912,231.566031,256.754743,2018-06-01
510,0.856242,179.639519,232.006249,258.544923,2018-07-01
511,0.883529,180.274454,232.446467,259.908489,2018-08-01
